Year,Filière,Produit,Production,Superficie
2011,Agrumes,Autres agrumes,2537.85,488.96000000000004
2011,Agrumes,Citron,93176.72,2834.23
2011,Agrumes,Orange_Autres,25951.9,3737.5400000000004
2011,Agrumes,Orange_Maroc late,414549.44,21522.960000000003
2011,Agrumes,Orange_Navel,300867.41,15791.48
2011,Agrumes,Orange_Navel lane late,21384.2,1215.23
2011,Agrumes,Orange_Navel late,5659.54,406.5
2011,Agrumes,Orange_Navelina,666.9,37.55
2011,Agrumes,Orange_Salustiana,33260.48,1102.06
2011,Agrumes,Orange_Washignton sanguine,56247.19000000001,2569.6
2011,Agrumes,Pamplemousse,689.45,54.19
2011,Agrumes,Petit fruit_Autres,49897.91,5546.4400000000005
2011,Agrumes,Petit fruit_Clémentine,440654.37,27218.809999999998
2011,Agrumes,Petit fruit_Fortune,551.0,29.0
2011,Agrumes,Petit fruit_Nador cott,30060.0,2897.5
2011,Agrumes,Petit fruit_Nour,121053.6,6635.21
2011,Agrumes,Petit fruit_Nova,13610.93,814.34
2011,Agrumes,Petit fruit_Nules,79966.35,5895.01
2011,Agrumes,Petit fruit_Ortanique,17236.35,710.4
2011,Amandiers,Amandier,101381.76000000004,143969.12999999995
2011,Céréales,Autres céréales,2740.0,3200.0
2011,Céréales,Avoine,36764.97999999999,54230.0
2011,Céréales,Blé dur,1847957.9251199474,957199.999999999
2011,Céréales,Blé tendre,4169864.7196335876,2131000.0
2011,Céréales,Mais,221298.69999999987,191888.0
2011,Céréales,Orge,2317611.446458893,2025897.6923491633
2011,Céréales,Riz,17840.0,2550.0
2011,Céréales,Sorgho,7914.99999999999,9880.0
2011,Fourragères,Avoine vert,111613.1,40156.0
2011,Fourragères,Bersim,3459569.8113207547,62101.0
2011,Fourragères,Lupin,89630.0,3240.0
2011,Fourragères,Luzerne,5562553.846153846,105081.0
2011,Fourragères,Mais fourrager,1484195.7173913042,37650.0
2011,Fourragères,Mélange fourrager,438074.0,31510.0
2011,Fourragères,Orge fourrager,1844154.0277777778,109383.2
2011,Fourragères,Pois fourrager,75800.0,13871.0
2011,Fourragères,Sorgho fourrager,357200.0,5972.0
2011,Fourragères,Triticale,12174.0,2690.0
2011,Fourragères,Vesce avoine,275661.0,23490.0
2011,Industrielles,Coriandre récoltée,4493.4,3520.0
2011,Industrielles,Cornichon,2.7,60.0
2011,Industrielles,Câprier,19490.0,21581.0
2011,Industrielles,Henné,10038.0,3280.0
2011,Industrielles,Piment de Cayenne,14.0,7.0
2011,Industrielles,Rosier,231.0,368.0
2011,Industrielles,Safran,4.899999999999991,1060.0
2011,Industrielles,Sorgho a balais,372.0,310.0
2011,Légumineuses,Autres légumineuses,31175.899999999998,22406.3
2011,Légumineuses,Fève,170552.9499999999,199618.0
2011,Légumineuses,Féverole,18500.0,2410.0
2011,Légumineuses,Lentille,45438.700000000004,57987.0
2011,Légumineuses,Orobe,6497.999999999998,10050.0
2011,Légumineuses,Petit pois,39788.25,50244.0
2011,Légumineuses,Pois chiche,45734.0,88785.0
2011,Maraîchage,Ail,22376.0,1513.0
2011,Maraîchage,Artichaut,43137.0,2769.0
2011,Maraîchage,Asperge,0.0,0.0
2011,Maraîchage,Aubergine,34823.59329751388,1775.148054727509
2011,Maraîchage,Autres cultures maraichères,560597.977415536,24922.97426314342
2011,Maraîchage,Betterave potager,5713.0,330.0
2011,Maraîchage,Carotte,427733.5,12944.0
2011,Maraîchage,Choux fleur,104569.12649121208,3636.5045478865704
2011,Maraîchage,Choux pomme,10341.0,863.0
2011,Maraîchage,Concombre,51223.75877333575,1039.9879232591913
2011,Maraîchage,Courge courgette,219608.86431108275,8109.852021707558
2011,Maraîchage,Fraisier,110716.158910846,2516.669189023924
2011,Maraîchage,Framboise,4133.007999999994,309.9999999999993
2011,Maraîchage,Fève verte,106147.9,7746.0
2011,Maraîchage,Haricot vert,120611.77304070666,6027.900405105862
2011,Maraîchage,Melon,777605.1465950276,24770.33012306046
2011,Maraîchage,Menthe,55319.0,2125.0
2011,Maraîchage,Myrtille,3008.628999999987,239.9999999999992
2011,Maraîchage,Navet,162184.9964763726,7651.861041045631
2011,Maraîchage,Niora,31953.0,1648.0
2011,Maraîchage,Oignon,860912.5,30690.3
2011,Maraîchage,Oignon vert,2864.0,179.0
2011,Maraîchage,Pastèque,579982.3983243785,15407.287013681876
2011,Maraîchage,Patate douce,17582.0,825.0
2011,Maraîchage,Petit Pois vert,160136.24605227212,20685.10876710235
2011,Maraîchage,Piment poivron,143128.2775703488,4178.867079416036
2011,Maraîchage,Pomme de terre,1721402.2128676805,57846.22082091263
2011,Maraîchage,Tomate,1217905.0981695657,17127.840709317432
2011,Oliviers,Olivier,1405223.5700000005,838875.7199999995
2011,Oléagineuses,Arachide,39710.0,17840.0
2011,Oléagineuses,Sésame,1137.0,1190.0
2011,Oléagineuses,Tournesol,48131.19999999999,36573.0
2011,Palmiers-Dattiers,Palmier dattier,102961.76,54476.19
2011,Rosacées,Abricotier,159124.0,12505.75
2011,Rosacées,Autres plantations fruitières,47693.229999999996,4072.23
2011,Rosacées,Avocatier,33519.0,2772.0
2011,Rosacées,Bananier,277297.0,6625.8
2011,Rosacées,Caroubier,1943.0,457.0
2011,Rosacées,Cerisier,8210.0,2096.0
2011,Rosacées,Cognassier,31994.25,3833.75
2011,Rosacées,Figuier,114769.67451163697,51449.130000000005
2011,Rosacées,Grenadier,83081.0,7063.9400000000005
2011,Rosacées,Noyer,9339.1,5110.7
2011,Rosacées,Néflier,4563.0,477.0
2011,Rosacées,Pacanier,369.0,115.0
2011,Rosacées,Pistachier,101.6,91.0
2011,Rosacées,Poirier,36177.0,3402.0
2011,Rosacées,Pommier,517588.9561166196,37728.073899999894
2011,Rosacées,Prunier,64767.65249159694,12926.69897857141
2011,Rosacées,Pêcher-nectarine,74771.0,5395.86
2011,Sucrières,Betterave à sucre,3035142.5,51729.5
2011,Sucrières,Canne à sucre,763913.0,7645.0
2011,Vignes,Raisin de cuve,89033.33001999998,9198.568399999998
2011,Vignes,Raisin de table,203780.45900723827,34062.916949999984
2012,Agrumes,Autres agrumes,5584.15,732.23
2012,Agrumes,Citron,27278.12,2763.98
2012,Agrumes,Orange_Autres,31602.6,3735.3199999999997
2012,Agrumes,Orange_Maroc late,450519.95,23677.430000000004
2012,Agrumes,Orange_Navel,358614.6,17130.270000000004
2012,Agrumes,Orange_Navel lane late,24543.5,1353.71
2012,Agrumes,Orange_Navel late,4459.0,423.5
2012,Agrumes,Orange_Navelina,387.0,15.0
2012,Agrumes,Orange_Salustiana,31836.88,1066.9
2012,Agrumes,Orange_Washignton sanguine,57875.200000000004,2703.65
2012,Agrumes,Pamplemousse,846.0,73.0
2012,Agrumes,Petit fruit_Autres,35469.100000000006,4403.49
2012,Agrumes,Petit fruit_Clémentine,543867.68,30139.01
2012,Agrumes,Petit fruit_Fortune,1387.0,77.0
2012,Agrumes,Petit fruit_Nador cott,59280.0,3151.5
2012,Agrumes,Petit fruit_Nour,99119.6,6939.89
2012,Agrumes,Petit fruit_Nova,16022.52,938.32
2012,Agrumes,Petit fruit_Nules,100647.82,6881.93
2012,Agrumes,Petit fruit_Ortanique,15875.77,726.01
2012,Amandiers,Amandier,100197.29999999999,147999.17000000004
2012,Céréales,Autres céréales,223.2,248.0
2012,Céréales,Avoine,56057.0,47390.0
2012,Céréales,Blé dur,1130041.5385294994,959257.9999999997
2012,Céréales,Blé tendre,2613241.359816297,2028148.9999999998
2012,Céréales,Mais,79721.39999999997,114965.0
2012,Céréales,Orge,1195413.4688295997,1887833.7834151073
2012,Céréales,Riz,45554.4,5994.0
2012,Céréales,Sorgho,5780.0,6100.0
2012,Fourragères,Avoine vert,328078.0,28868.0
2012,Fourragères,Bersim,3505299.1,66927.0
2012,Fourragères,Lupin,50031.0,4510.0
2012,Fourragères,Luzerne,4154450.4,102631.0
2012,Fourragères,Mais fourrager,695950.0,17576.0
2012,Fourragères,Mélange fourrager,258102.5,25158.0
2012,Fourragères,Orge fourrager,1912932.0,120852.0
2012,Fourragères,Pois fourrager,77989.0,21163.0
2012,Fourragères,Sorgho fourrager,3900.0,150.0
2012,Fourragères,Triticale,11764.0,2580.0
2012,Fourragères,Vesce avoine,180259.5,16675.0
2012,Industrielles,Coriandre récoltée,2574.0,2544.0
2012,Industrielles,Câprier,31700.0,21545.0
2012,Industrielles,Henné,1950.0,1440.0
2012,Industrielles,Safran,4.7,850.0
2012,Industrielles,Tabac,580.0,580.0
2012,Légumineuses,Autres légumineuses,36108.149999999994,42364.0
2012,Légumineuses,Fève,145050.2,184230.0
2012,Légumineuses,Féverole,11936.7,12394.0
2012,Légumineuses,Lentille,21414.69999999998,48535.0
2012,Légumineuses,Orobe,1702.0,5080.0
2012,Légumineuses,Petit pois,29072.19999999999,51372.99999999999
2012,Légumineuses,Pois chiche,25912.599999999995,40417.0
2012,Maraîchage,Ail,5294.0,878.0
2012,Maraîchage,Artichaut,63889.0,3819.0
2012,Maraîchage,Asperge,0.0,0.0
2012,Maraîchage,Aubergine,50147.0,2046.0
2012,Maraîchage,Autres cultures maraichères,316873.0,16753.5
2012,Maraîchage,Betterave potager,34811.0,1100.0
2012,Maraîchage,Carotte,707316.0,14263.999999999998
2012,Maraîchage,Choux fleur,61066.0,2305.0
2012,Maraîchage,Choux pomme,112169.0,2985.8
2012,Maraîchage,Concombre,55334.5,1460.5
2012,Maraîchage,Courge courgette,256519.75,9300.249999999998
2012,Maraîchage,Fraisier,139682.8,3320.1
2012,Maraîchage,Framboise,4043.0871684795998,321.9196675900277
2012,Maraîchage,Fève verte,117736.0,11188.99999999999
2012,Maraîchage,Haricot vert,133744.0,5649.0
2012,Maraîchage,Melon,717601.9,20981.8
2012,Maraîchage,Menthe,99005.5,4005.5
2012,Maraîchage,Myrtille,2972.1498808883152,245.53619909502228
2012,Maraîchage,Navet,131708.0,6502.799999999999
2012,Maraîchage,Niora,34850.0,1960.0
2012,Maraîchage,Oignon,855764.0,30423.9
2012,Maraîchage,Oignon vert,3043.0,179.0
2012,Maraîchage,Pastèque,574859.0,14159.0
2012,Maraîchage,Patate douce,25941.0,957.5
2012,Maraîchage,Petit Pois vert,131325.0,21154.999999999996
2012,Maraîchage,Piment poivron,180591.40000000002,4970.0
2012,Maraîchage,Pomme de terre,1656891.0,59216.89999999999
2012,Maraîchage,Tomate,1219071.5000000002,15639.25
2012,Oliviers,Olivier,1315792.86,885105.47
2012,Oléagineuses,Arachide,36347.999999999796,15498.0
2012,Oléagineuses,Sésame,1610.0,1350.0
2012,Oléagineuses,Tournesol,16722.399999999998,10679.0
2012,Palmiers-Dattiers,Palmier dattier,101862.38,57035.14
2012,Rosacées,Abricotier,122381.59999999999,12223.3
2012,Rosacées,Autres plantations fruitières,46272.72,4301.23
2012,Rosacées,Avocatier,5434.0,2475.0
2012,Rosacées,Bananier,222267.0,5401.8
2012,Rosacées,Caroubier,1137.0,252.0
2012,Rosacées,Cerisier,7196.4,1437.0
2012,Rosacées,Cognassier,45804.0,3386.87
2012,Rosacées,Figuier,102694.72,51020.229999999996
2012,Rosacées,Grenadier,76032.15,8217.94
2012,Rosacées,Noyer,8319.0,4880.7
2012,Rosacées,Néflier,8681.5,473.0
2012,Rosacées,Pacanier,64.0,73.0
2012,Rosacées,Pistachier,104.0,91.0
2012,Rosacées,Poirier,29790.6,2904.33
2012,Rosacées,Pommier,485588.3401327347,40518.47389999989
2012,Rosacées,Prunier,75223.30600242825,14193.948164524687
2012,Rosacées,Pêcher-nectarine,70395.78,5636.5599999999995
2012,Sucrières,Betterave à sucre,1604980.0,30611.0
2012,Sucrières,Canne à sucre,535985.0,15574.0
2012,Vignes,Raisin de cuve,83952.64231999998,9211.112599999999
2012,Vignes,Raisin de table,193158.92901131994,33915.674949999986
2013,Agrumes,Autres agrumes,10901.279999999999,990.96
2013,Agrumes,Citron,26941.79,2675.93
2013,Agrumes,Orange_Autres,37232.69999999995,3559.7899999999995
2013,Agrumes,Orange_Maroc late,354052.8379999999,24020.420000000002
2013,Agrumes,Orange_Navel,277877.24499999994,17658.76999999999
2013,Agrumes,Orange_Navel lane late,11069.125,1477.06
2013,Agrumes,Orange_Navel late,2130.2,543.869999999999
2013,Agrumes,Orange_Navelina,114.825,86.00999999999999
2013,Agrumes,Orange_Salustiana,19226.14,1088.58
2013,Agrumes,Orange_Washignton sanguine,56246.880000000005,3235.46
2013,Agrumes,Pamplemousse,120.0,38.0
2013,Agrumes,Petit fruit_Autres,43961.443225806375,6097.910000000001
2013,Agrumes,Petit fruit_Clémentine,379378.2299999992,29279.85
2013,Agrumes,Petit fruit_Fortune,864.0,48.0
2013,Agrumes,Petit fruit_Nador cott,59806.0,3647.26
2013,Agrumes,Petit fruit_Nour,95309.59999999998,7193.86
2013,Agrumes,Petit fruit_Nova,7679.133333333333,582.92
2013,Agrumes,Petit fruit_Nules,59739.42446575343,7360.74
2013,Agrumes,Petit fruit_Ortanique,8309.2,456.49
2013,Amandiers,Amandier,93310.29,155544.76
2013,Céréales,Avoine,46331.33,31230.0
2013,Céréales,Blé dur,1897234.0200499194,943227.12
2013,Céréales,Blé tendre,5036748.616166229,2241323.86
2013,Céréales,Mais,118135.84999999999,177248.0
2013,Céréales,Orge,2722621.5154945673,1952472.0
2013,Céréales,Riz,37716.2999999999,5000.0
2013,Céréales,Sorgho,4840.0,4550.0
2013,Fourragères,Avoine vert,601783.0,32899.0
2013,Fourragères,Bersim,3400658.0,67563.0
2013,Fourragères,Lupin,35244.0,1310.0
2013,Fourragères,Luzerne,5882235.0,108818.0
2013,Fourragères,Mais fourrager,2268752.0,51025.0
2013,Fourragères,Mélange fourrager,246495.0,21139.0
2013,Fourragères,Orge fourrager,1702486.0,111456.0
2013,Fourragères,Pois fourrager,71035.0,15750.0
2013,Fourragères,Sorgho fourrager,32515.0,774.0
2013,Fourragères,Triticale,1806.6,449.0
2013,Fourragères,Vesce avoine,170775.0,15750.0
2013,Industrielles,Autres Cultures Industrielles,64.0,0.08
2013,Industrielles,Coriandre récoltée,400.0,200.0
2013,Industrielles,Câprier,28400.0,22445.0
2013,Industrielles,Henné,892.0,1540.0
2013,Industrielles,Safran,4.8,900.0
2013,Industrielles,Sorgho a balais,112.0,140.0
2013,Industrielles,Tabac,360.0,410.0
2013,Légumineuses,Autres légumineuses,30282.675,25177.0
2013,Légumineuses,Fève,153387.93,202790.0
2013,Légumineuses,Lentille,42948.8499999999,53266.0
2013,Légumineuses,Orobe,1360.0,3700.0
2013,Légumineuses,Petit pois,36328.399999999994,55091.0
2013,Légumineuses,Pois chiche,24923.8,56939.0
2013,Maraîchage,Ail,6784.0,1058.0
2013,Maraîchage,Artichaut,62073.6,3487.0
2013,Maraîchage,Asperge,0.0,0.0
2013,Maraîchage,Aubergine,71976.6,2782.75
2013,Maraîchage,Autres cultures maraichères,317658.52,16461.5
2013,Maraîchage,Betterave potager,33686.5,1155.0
2013,Maraîchage,Carotte,509370.5,14013.5
2013,Maraîchage,Choux fleur,48162.0,1702.0
2013,Maraîchage,Choux pomme,95426.0,3072.3
2013,Maraîchage,Concombre,48246.2,1289.45
2013,Maraîchage,Courge courgette,224314.85,8089.0
2013,Maraîchage,Fraisier,145233.0,3526.0
2013,Maraîchage,Framboise,9901.59199999998,749.999999999999
2013,Maraîchage,Fève verte,154415.0,11830.0
2013,Maraîchage,Haricot vert,154663.0,6155.7
2013,Maraîchage,Melon,700034.5,21636.5
2013,Maraîchage,Menthe,87601.5,3490.5
2013,Maraîchage,Myrtille,4864.097106582169,349.9999999999996
2013,Maraîchage,Navet,171286.6,7302.0
2013,Maraîchage,Niora,21181.0,993.6
2013,Maraîchage,Oignon,929866.0,33653.5
2013,Maraîchage,Oignon vert,7422.3,492.0
2013,Maraîchage,Pastèque,611474.0,14104.0
2013,Maraîchage,Patate douce,26450.0,1079.0
2013,Maraîchage,Petit Pois vert,125482.0,23203.2
2013,Maraîchage,Piment poivron,179859.0,4844.8
2013,Maraîchage,Pomme de terre,1928606.3,53047.6
2013,Maraîchage,Tomate,1293319.5,14016.9
2013,Oliviers,Olivier,1174698.1220000004,922234.5399999997
2013,Oléagineuses,Arachide,38790.0,16300.0
2013,Oléagineuses,Sésame,375.0,625.0
2013,Oléagineuses,Tournesol,18989.0,17006.0
2013,Palmiers-Dattiers,Palmier dattier,111924.0,57384.0
2013,Rosacées,Abricotier,100690.095,12297.082400000001
2013,Rosacées,Autres plantations fruitières,58185.5,17083.86
2013,Rosacées,Avocatier,28079.5,2409.2
2013,Rosacées,Bananier,302769.0,9240.6
2013,Rosacées,Caroubier,3705.0,673.9
2013,Rosacées,Cerisier,15199.4,1640.0
2013,Rosacées,Cognassier,45369.549999999996,3501.5699999999993
2013,Rosacées,Figuier,112537.36138999999,54674.29999999999
2013,Rosacées,Grenadier,122722.67,9886.349999999993
2013,Rosacées,Noyer,14235.17499999999,6837.95
2013,Rosacées,Néflier,6148.67,435.6
2013,Rosacées,Pacanier,209.0,75.0
2013,Rosacées,Pistachier,113.7,65.0
2013,Rosacées,Poirier,43041.77399999998,3176.33
2013,Rosacées,Pommier,583230.4237586891,41771.47389999988
2013,Rosacées,Prunier,109363.02837199846,14617.998135953256
2013,Rosacées,Pêcher-nectarine,76104.56,6403.33
2013,Sucrières,Betterave à sucre,2142221.0,37205.0
2013,Sucrières,Canne à sucre,619561.0,15457.0
2013,Vignes,Raisin de cuve,109572.72739999999,9241.9776
2013,Vignes,Raisin de table,223702.42501925185,33219.86055
2014,Agrumes,Autres agrumes,13260.619999999999,776.625
2014,Agrumes,Citron,26450.58857142856,2758.401367924528
2014,Agrumes,Orange_Autres,27276.649999999976,3702.3899999999994
2014,Agrumes,Orange_Maroc late,495882.4323076921,23497.12882352941
2014,Agrumes,Orange_Navel,348606.4808450703,18352.48941101152
2014,Agrumes,Orange_Navel lane late,14940.0,1421.68
2014,Agrumes,Orange_Navel late,7524.999999999993,1669.7099999999991
2014,Agrumes,Orange_Navelina,246.0,148.21
2014,Agrumes,Orange_Salustiana,28586.99999999997,1088.58
2014,Agrumes,Orange_Washignton sanguine,78182.62,3313.16
2014,Agrumes,Pamplemousse,475.0,42.0
2014,Agrumes,Petit fruit_Autres,75335.75999999995,6759.199999999999
2014,Agrumes,Petit fruit_Clémentine,646625.8060606043,30541.35
2014,Agrumes,Petit fruit_Fortune,1008.0,48.0
2014,Agrumes,Petit fruit_Nador cott,82984.0,3936.26
2014,Agrumes,Petit fruit_Nour,190753.90117646992,7164.74
2014,Agrumes,Petit fruit_Nova,10802.5,763.8699999999999
2014,Agrumes,Petit fruit_Nules,167272.33333333253,7474.61
2014,Agrumes,Petit fruit_Ortanique,10605.37999999999,513.39
2014,Amandiers,Amandier,101025.38000000006,159100.12
2014,Céréales,Autres céréales,4852.4,3511.0
2014,Céréales,Avoine,36617.6,41832.0
2014,Céréales,Blé dur,1410178.371850579,904755.0
2014,Céréales,Blé tendre,3705705.8246072284,2081403.0
2014,Céréales,Mais,97378.9,137447.0
2014,Céréales,Orge,1638086.2258989124,1585216.0
2014,Céréales,Riz,33051.3,4406.84
2014,Céréales,Sorgho,4800.0,4800.0
2014,Fourragères,Autres cultures fourragères,92405.0,7497.983346288829
2014,Fourragères,Avoine vert,426616.5,33382.0
2014,Fourragères,Bersim,3422310.61,67874.9243
2014,Fourragères,Lupin,32056.0,1345.0
2014,Fourragères,Luzerne,5453523.78,107126.03301999989
2014,Fourragères,Mais fourrager,1492671.856,41006.32372
2014,Fourragères,Mélange fourrager,202625.0,17370.0
2014,Fourragères,Orge fourrager,1790687.965,108107.60365999998
2014,Fourragères,Pois fourrager,80586.0,16410.0
2014,Fourragères,Triticale,2560.0,495.0
2014,Fourragères,Vesce avoine,192653.0,14980.0
2014,Industrielles,Coriandre récoltée,450.0,300.0
2014,Industrielles,Câprier,26830.4,20868.0
2014,Industrielles,Henné,1200.0,1800.0
2014,Industrielles,Safran,5.0,1000.0
2014,Industrielles,Tabac,350.0,400.0
2014,Légumineuses,Autres légumineuses,32270.3,24050.0
2014,Légumineuses,Fève,166680.3,190965.5
2014,Légumineuses,Féverole,40398.0,12650.0
2014,Légumineuses,Lentille,30670.749999999996,45862.6
2014,Légumineuses,Orobe,844.0,2140.0
2014,Légumineuses,Petit pois,23416.5,41487.0
2014,Légumineuses,Pois chiche,62499.4399999999,72564.0
2014,Maraîchage,Ail,7709.0,939.0
2014,Maraîchage,Artichaut,55234.0,3264.0
2014,Maraîchage,Asperge,2488.0,199.0
2014,Maraîchage,Aubergine,70291.0,2424.75
2014,Maraîchage,Autres cultures maraichères,240307.5,14667.6
2014,Maraîchage,Betterave potager,19701.0,750.0
2014,Maraîchage,Carotte,474055.8,15830.699999999999
2014,Maraîchage,Choux fleur,52113.0,2147.0
2014,Maraîchage,Choux pomme,64462.0,2510.0
2014,Maraîchage,Concombre,55439.25,1560.4499999999998
2014,Maraîchage,Courge courgette,215503.2,8269.124388318862
2014,Maraîchage,Fraisier,137388.0,3445.0
2014,Maraîchage,Framboise,15700.86,1192.07
2014,Maraîchage,Fève verte,157054.0,12471.300000000001
2014,Maraîchage,Haricot vert,148110.00000000003,5625.5
2014,Maraîchage,Melon,736545.5,22624.55
2014,Maraîchage,Menthe,85119.5,3451.2
2014,Maraîchage,Myrtille,7709.67,599.96
2014,Maraîchage,Navet,153516.0,7006.2
2014,Maraîchage,Niora,27854.0,1376.6
2014,Maraîchage,Oignon,813707.0,29349.299999999996
2014,Maraîchage,Oignon vert,56663.0,1793.0
2014,Maraîchage,Pastèque,724915.0,15968.7
2014,Maraîchage,Patate douce,16420.0,841.0
2014,Maraîchage,Petit Pois vert,97914.5,15966.6
2014,Maraîchage,Piment poivron,165248.0,4514.0
2014,Maraîchage,Pomme de terre,1950981.5000000002,63514.5
2014,Maraîchage,Tomate,1230952.7,15717.0
2014,Oliviers,Olivier,1573205.79,922973.39
2014,Oléagineuses,Arachide,38375.99999999999,16090.0
2014,Oléagineuses,Sésame,498.0,700.0
2014,Oléagineuses,Tournesol,27368.2,20898.0
2014,Palmiers-Dattiers,Palmier dattier,102201.0,57744.11000000001
2014,Rosacées,Abricotier,90273.555,12359.5824
2014,Rosacées,Autres plantations fruitières,52337.25,13988.82
2014,Rosacées,Avocatier,31895.5,2599.2
2014,Rosacées,Bananier,342475.0,8394.400000000001
2014,Rosacées,Caroubier,4055.0,673.9
2014,Rosacées,Cerisier,15523.6,1765.0
2014,Rosacées,Cognassier,45881.7,3463.4100000000003
2014,Rosacées,Figuier,126553.55723999997,54770.700000000004
2014,Rosacées,Grenadier,121745.9549999999,10180.859999999999
2014,Rosacées,Noyer,12508.514999999989,6960.45
2014,Rosacées,Néflier,5933.2,434.6
2014,Rosacées,Pacanier,218.0,75.0
2014,Rosacées,Pistachier,111.7,63.0
2014,Rosacées,Poirier,39587.08099999999,3235.5
2014,Rosacées,Pommier,536198.8120072563,43940.34348476849
2014,Rosacées,Prunier,92871.90178619343,14815.626089052992
2014,Rosacées,Pêcher-nectarine,73802.01000000001,6905.96
2014,Sucrières,Betterave à sucre,3208616.55,52954.0
2014,Sucrières,Canne à sucre,278551.0,7911.0
2014,Vignes,Raisin de cuve,114286.78009999999,9272.469599999999
2014,Vignes,Raisin de table,244674.03703282485,34051.79414999998
2015,Agrumes,Autres agrumes,4658.6,367.88000000000005
2015,Agrumes,Citron,29592.75,2826.77
2015,Agrumes,Orange_Autres,28777.927999999985,4522.45
2015,Agrumes,Orange_Maroc late,405171.3099999999,23857.379999999997
2015,Agrumes,Orange_Navel,316953.2899999999,19059.309999999998
2015,Agrumes,Orange_Navel lane late,14070.0,1583.6299999999999
2015,Agrumes,Orange_Navel late,8318.0,871.27
2015,Agrumes,Orange_Navelina,241.0,148.0
2015,Agrumes,Orange_Salustiana,25200.05,1071.54
2015,Agrumes,Orange_Washignton sanguine,70288.8999999999,3275.999999999999
2015,Agrumes,Pamplemousse,346.27500000000003,42.0
2015,Agrumes,Petit fruit_Autres,65147.79999999995,7129.79
2015,Agrumes,Petit fruit_Clémentine,544246.28,30040.36
2015,Agrumes,Petit fruit_Fortune,1506.0,95.5
2015,Agrumes,Petit fruit_Nador cott,112110.99999999999,4974.45
2015,Agrumes,Petit fruit_Nour,112354.115,7268.01
2015,Agrumes,Petit fruit_Nova,16017.079999999998,1176.27
2015,Agrumes,Petit fruit_Nules,123250.29999999999,7844.579999999998
2015,Agrumes,Petit fruit_Ortanique,18549.2,833.18
2015,Amandiers,Amandier,97722.95636999999,160017.81000000003
2015,Céréales,Autres céréales,12878.5,6471.8
2015,Céréales,Avoine,42088.64,36907.0
2015,Céréales,Blé dur,2406946.569763932,998536.0
2015,Céréales,Blé tendre,5667712.315129537,2275333.0
2015,Céréales,Mais,95031.65,125967.0
2015,Céréales,Orge,3396992.2916019205,2000164.0
2015,Céréales,Riz,63297.5,8309.7
2015,Céréales,Sorgho,5302.0,5060.0
2015,Fourragères,Autres cultures fourragères,112261.0,5814.387840670859
2015,Fourragères,Avoine vert,246954.0,37293.5
2015,Fourragères,Bersim,3645885.0,68475.76999999999
2015,Fourragères,Lupin,49628.0,3322.0
2015,Fourragères,Luzerne,5155246.370033202,98005.0
2015,Fourragères,Mais fourrager,1486666.2,31137.986
2015,Fourragères,Mélange fourrager,174434.0,22623.0
2015,Fourragères,Orge fourrager,1994915.0,116569.79
2015,Fourragères,Pois fourrager,100460.0,19257.0
2015,Fourragères,Sorgho fourrager,110720.0,3900.0
2015,Fourragères,Triticale,2331.0,670.0
2015,Fourragères,Vesce avoine,120580.0,12890.0
2015,Industrielles,Autres Cultures Industrielles,3423.0,1064.0
2015,Industrielles,Coriandre récoltée,3505.0,2650.0
2015,Industrielles,Cornichon,5.699999999999999,6.5
2015,Industrielles,Câprier,35616.0,26638.0
2015,Industrielles,Henné,7673.0,2310.0
2015,Industrielles,Piment de Cayenne,28.0,16.0
2015,Industrielles,Rosier,433.04999999999995,410.4
2015,Industrielles,Safran,4.202,1503.0
2015,Industrielles,Tabac,1062.0,830.0
2015,Légumineuses,Autres légumineuses,26535.8,16194.0
2015,Légumineuses,Fève,90279.35047297296,191300.06828135604
2015,Légumineuses,Féverole,29911.6,26247.0
2015,Légumineuses,Lentille,50003.950000000004,45494.8301
2015,Légumineuses,Orobe,2132.4,4550.0
2015,Légumineuses,Petit pois,34781.75,49791.7317
2015,Légumineuses,Pois chiche,65558.98999999999,59472.0
2015,Maraîchage,Ail,7397.0,1202.0
2015,Maraîchage,Artichaut,50744.0,3236.0
2015,Maraîchage,Asperge,658.0,58.0
2015,Maraîchage,Aubergine,56877.0,2056.0
2015,Maraîchage,Autres cultures maraichères,256908.0,14389.02
2015,Maraîchage,Betterave potager,18703.5,808.0
2015,Maraîchage,Carotte,413877.9,15177.0
2015,Maraîchage,Choux fleur,45625.0,1932.0
2015,Maraîchage,Choux pomme,50662.0,1927.0
2015,Maraîchage,Concombre,55478.5,1302.05
2015,Maraîchage,Courge courgette,201226.9,8241.65
2015,Maraîchage,Fraisier,141100.36,3400.0
2015,Maraîchage,Framboise,16957.686909787688,1442.999999999999
2015,Maraîchage,Fève verte,157236.0,12352.2
2015,Maraîchage,Haricot vert,145661.2,5221.8
2015,Maraîchage,Melon,654074.5,20843.5
2015,Maraîchage,Menthe,99869.0,3164.2
2015,Maraîchage,Myrtille,8723.521870286557,709.9999999999987
2015,Maraîchage,Navet,150816.74,7154.64
2015,Maraîchage,Niora,28704.0,1382.6
2015,Maraîchage,Oignon,828715.5,32287.5
2015,Maraîchage,Oignon vert,57493.0,1898.0
2015,Maraîchage,Pastèque,706643.0,18120.0
2015,Maraîchage,Patate douce,17861.0,900.0
2015,Maraîchage,Petit Pois vert,128151.0,20559.0
2015,Maraîchage,Piment poivron,177329.7,4675.35
2015,Maraîchage,Pomme de terre,1924430.0,64515.0
2015,Maraîchage,Tomate,1412380.0,17539.0
2015,Oliviers,Olivier,1144237.9300497721,978241.5900000001
2015,Oléagineuses,Arachide,33710.0,13850.0
2015,Oléagineuses,Sésame,1082.0,1047.0
2015,Oléagineuses,Tournesol,52378.2,36941.0
2015,Palmiers-Dattiers,Palmier dattier,100376.32541616716,57859.0535517415
2015,Rosacées,Abricotier,103954.51999999999,12425.7824
2015,Rosacées,Autres plantations fruitières,49432.5,5931.16
2015,Rosacées,Avocatier,42732.0,3422.7
2015,Rosacées,Bananier,334941.6,8426.6
2015,Rosacées,Caroubier,60400.0,11398.4
2015,Rosacées,Cerisier,18728.6,1920.0
2015,Rosacées,Cognassier,47678.299999999996,3380.2
2015,Rosacées,Figuier,150110.8248,55259.899999999994
2015,Rosacées,Grenadier,131956.78999999992,10710.110000000002
2015,Rosacées,Noyer,16735.709999999992,6969.45
2015,Rosacées,Néflier,5881.2,451.6
2015,Rosacées,Pacanier,218.5,75.0
2015,Rosacées,Pistachier,131.8,56.0
2015,Rosacées,Poirier,45980.69,3382.5
2015,Rosacées,Pommier,674153.313339179,45207.06053148393
2015,Rosacées,Prunier,123210.61416650515,14055.570178571415
2015,Rosacées,Pêcher-nectarine,91468.9,7290.1900000000005
2015,Sucrières,Betterave à sucre,3875637.5,60909.45
2015,Sucrières,Canne à sucre,395316.0,8483.470000000001
2015,Vignes,Raisin de cuve,125084.495,9273.3889
2015,Vignes,Raisin de table,293282.4146669767,35277.6891
2016,Agrumes,Autres agrumes,11173.82987149868,1469.6299999999999
2016,Agrumes,Citron,36308.77819712918,2946.31
2016,Agrumes,Orange_Autres,27980.799314984157,4276.11
2016,Agrumes,Orange_Maroc late,446912.26159894245,24962.749999999996
2016,Agrumes,Orange_Navel,311328.7245196971,19281.695000000003
2016,Agrumes,Orange_Navel lane late,15125.013520244062,1601.6799999999998
2016,Agrumes,Orange_Navel late,5626.853280561783,935.27
2016,Agrumes,Orange_Navelina,283.394235871344,210.0
2016,Agrumes,Orange_Salustiana,22985.113579576824,1078.54
2016,Agrumes,Orange_Washignton sanguine,78994.63923544216,3457.8499999999995
2016,Agrumes,Pamplemousse,548.2833342014234,59.15
2016,Agrumes,Petit fruit_Autres,75539.11655857401,8252.41
2016,Agrumes,Petit fruit_Clémentine,543303.4719856004,30000.06
2016,Agrumes,Petit fruit_Fortune,916.982777497991,84.0
2016,Agrumes,Petit fruit_Nador cott,135478.63870283766,5980.45
2016,Agrumes,Petit fruit_Nour,160064.38580057933,7449.55
2016,Agrumes,Petit fruit_Nova,18134.30707452516,1212.4099999999999
2016,Agrumes,Petit fruit_Nules,123881.83929066094,8385.609999999999
2016,Agrumes,Petit fruit_Ortanique,20309.086257499388,828.8900000000001
2016,Amandiers,Amandier,112680.5335480702,165816.88999999996
2016,Céréales,Autres céréales,1148.0,1080.0
2016,Céréales,Avoine,15123.0,24798.0
2016,Céréales,Blé dur,874985.6999999996,837818.9999999994
2016,Céréales,Blé tendre,1856137.2999999989,1575818.9999999995
2016,Céréales,Mais,128762.70000000001,138825.0
2016,Céréales,Orge,619918.5999999996,1207614.9999999993
2016,Céréales,Riz,53353.8,7527.2
2016,Céréales,Sorgho,1818.0,1980.0
2016,Fourragères,Autres cultures fourragères,35766.0,2316.0
2016,Fourragères,Avoine vert,267726.0,66357.0
2016,Fourragères,Bersim,2605306.5,65076.0
2016,Fourragères,Lupin,32810.0,2120.0
2016,Fourragères,Luzerne,4994195.419840448,101690.0
2016,Fourragères,Mais fourrager,1736631.0,38449.0
2016,Fourragères,Mélange fourrager,105837.0,16455.0
2016,Fourragères,Orge fourrager,791055.15,85308.0
2016,Fourragères,Pois fourrager,24860.0,2855.0
2016,Fourragères,Sorgho fourrager,94010.5,4643.0
2016,Fourragères,Triticale,5347.5,3460.0
2016,Fourragères,Vesce avoine,40670.0,6630.0
2016,Industrielles,Autres Cultures Industrielles,703.6,662.0
2016,Industrielles,Cannabis,15000.0,30000.0
2016,Industrielles,Coriandre récoltée,500.0,5000.0
2016,Industrielles,Câprier,34286.0,26698.0
2016,Industrielles,Henné,203.0,70.0
2016,Industrielles,Piment de Cayenne,26.0,10.0
2016,Industrielles,Rosier,642.56,434.84999999999997
2016,Industrielles,Safran,4.2059999999999995,1504.0
2016,Industrielles,Tabac,725.0,492.0
2016,Légumineuses,Autres légumineuses,17789.4,12797.0
2016,Légumineuses,Fève,26564.449999999997,82774.0
2016,Légumineuses,Féverole,11846.7,20925.0
2016,Légumineuses,Lentille,2003.5,9580.95
2016,Légumineuses,Orobe,387.0,1800.0
2016,Légumineuses,Petit pois,6342.75,15060.0
2016,Légumineuses,Pois chiche,44062.469999999994,88030.0
2016,Maraîchage,Ail,12562.0,1179.0
2016,Maraîchage,Artichaut,44144.0,2981.0
2016,Maraîchage,Asperge,370.0,65.0
2016,Maraîchage,Aubergine,22720.5,1536.0
2016,Maraîchage,Autres cultures maraichères,177354.0,11509.0
2016,Maraîchage,Betterave potager,19109.0,911.0
2016,Maraîchage,Carotte,393703.92,13033.0
2016,Maraîchage,Choux fleur,60437.0,2651.0
2016,Maraîchage,Choux pomme,36162.0,1618.0
2016,Maraîchage,Concombre,42383.0,1025.0
2016,Maraîchage,Courge courgette,189256.0,7056.75
2016,Maraîchage,Fraisier,136856.0,3179.0
2016,Maraîchage,Framboise,18246.134049270455,1719.9999999999977
2016,Maraîchage,Fève verte,116875.0,9138.5
2016,Maraîchage,Haricot vert,141629.0,4626.5
2016,Maraîchage,Melon,520491.2,18183.6
2016,Maraîchage,Menthe,98453.0,3249.5
2016,Maraîchage,Myrtille,12169.954751131198,919.9999999999981
2016,Maraîchage,Navet,116644.5,5693.5
2016,Maraîchage,Niora,23534.0,1048.5
2016,Maraîchage,Oignon,685647.0,25089.0
2016,Maraîchage,Oignon vert,58109.0,2216.0
2016,Maraîchage,Pastèque,437061.0,12231.0
2016,Maraîchage,Patate douce,16061.0,871.5
2016,Maraîchage,Petit Pois vert,76131.5,10637.0
2016,Maraîchage,Piment poivron,173642.5,4053.75
2016,Maraîchage,Pomme de terre,1743616.5,59434.5
2016,Maraîchage,Tomate,1231248.0,15239.3
2016,Oliviers,Olivier,1416106.5304349998,979833.3770999997
2016,Oléagineuses,Arachide,36412.0,15345.0
2016,Oléagineuses,Sésame,942.7700000000001,1199.35
2016,Oléagineuses,Tournesol,30156.68,37943.0
2016,Palmiers-Dattiers,Palmier dattier,125328.95466856875,58122.0
2016,Rosacées,Abricotier,71155.59999999999,12963.582400000001
2016,Rosacées,Autres plantations fruitières,39895.0,7153.16
2016,Rosacées,Avocatier,42256.0,3806.4
2016,Rosacées,Bananier,333819.6,8489.6
2016,Rosacées,Caroubier,59025.0,11409.84
2016,Rosacées,Cerisier,8093.0,3012.0
2016,Rosacées,Cognassier,32087.2,4651.2
2016,Rosacées,Figuier,59881.15,58305.799999999996
2016,Rosacées,Grenadier,86503.73999999999,12230.380000000001
2016,Rosacées,Noyer,10005.5,7127.45
2016,Rosacées,Néflier,5570.0,480.6
2016,Rosacées,Pacanier,287.2,86.0
2016,Rosacées,Pistachier,114.0,58.0
2016,Rosacées,Poirier,27754.1,3521.5
2016,Rosacées,Pommier,687177.7158226342,48671.11283148392
2016,Rosacées,Prunier,123576.93773396715,14925.720178571411
2016,Rosacées,Pêcher-nectarine,95084.5,9192.22
2016,Sucrières,Betterave à sucre,4218922.51,60977.5
2016,Sucrières,Canne à sucre,426503.0,10434.0
2016,Vignes,Raisin de cuve,76084.70000000001,9273.388900000002
2016,Vignes,Raisin de table,288780.865,36731.28400000001
2017,Agrumes,Autres agrumes,6175.0,1469.63
2017,Agrumes,Citron,40114.299140307194,3076.96
2017,Agrumes,Orange_Autres,24565.56668133009,4310.620000000001
2017,Agrumes,Orange_Maroc late,485008.35215730383,25204.999999999996
2017,Agrumes,Orange_Navel,392137.89222891553,19642.324999999993
2017,Agrumes,Orange_Navel lane late,23230.0,1623.9799999999998
2017,Agrumes,Orange_Navel late,9841.999999999989,1002.37
2017,Agrumes,Orange_Navelina,385.408450704225,206.0
2017,Agrumes,Orange_Salustiana,23487.6510791366,1077.64
2017,Agrumes,Orange_Washignton sanguine,78561.21274959957,3570.5499999999997
2017,Agrumes,Pamplemousse,646.3499999999999,59.15
2017,Agrumes,Petit fruit_Autres,83886.52179262627,8631.75
2017,Agrumes,Petit fruit_Clémentine,647148.6056997196,30140.92
2017,Agrumes,Petit fruit_Fortune,1620.0,77.0
2017,Agrumes,Petit fruit_Nador cott,184219.0,6646.85
2017,Agrumes,Petit fruit_Nour,152803.25999999998,7721.929999999999
2017,Agrumes,Petit fruit_Nova,21370.583072,1227.4099999999999
2017,Agrumes,Petit fruit_Nules,166852.46187042547,8429.75
2017,Agrumes,Petit fruit_Ortanique,20446.51933441019,885.8899999999991
2017,Amandiers,Amandier,116923.46399999999,170864.16999999998
2017,Céréales,Autres céréales,1748.0,1520.0
2017,Céréales,Avoine,34906.0,29813.0
2017,Céréales,Blé dur,2199076.0,1087805.0
2017,Céréales,Blé tendre,4891741.0,2296420.0
2017,Céréales,Mais,122398.73300000001,130742.0
2017,Céréales,Orge,2466462.0,2001473.0
2017,Céréales,Riz,57697.5,8013.0
2017,Céréales,Sorgho,3641.5,4060.0
2017,Fourragères,Autres cultures fourragères,62050.0,7615.0
2017,Fourragères,Avoine vert,1096147.0,82876.0
2017,Fourragères,Bersim,3241116.0,66738.0
2017,Fourragères,Lupin,30120.0,1050.0
2017,Fourragères,Luzerne,5783691.6,101446.0
2017,Fourragères,Mais fourrager,1801102.0,38312.0
2017,Fourragères,Mélange fourrager,114385.0,19880.0
2017,Fourragères,Orge fourrager,2130095.0,131719.0
2017,Fourragères,Pois fourrager,12400.0,3950.0
2017,Fourragères,Sorgho fourrager,14250.0,1440.0
2017,Fourragères,Triticale,15950.2,6550.0
2017,Fourragères,Vesce avoine,95720.0,11840.0
2017,Industrielles,Autres Cultures Industrielles,124.53,135.0
2017,Industrielles,Cannabis,0.0,57900.0
2017,Industrielles,Coriandre récoltée,11515.0,7700.0
2017,Industrielles,Câprier,34040.0,28325.0
2017,Industrielles,Henné,5100.0,1690.0
2017,Industrielles,Piment de Cayenne,26.0,10.0
2017,Industrielles,Rosier,601.1,425.5
2017,Industrielles,Safran,4.2,1434.0
2017,Industrielles,Sorgho a balais,0.0,0.0
2017,Industrielles,Tabac,580.0,380.0
2017,Légumineuses,Autres légumineuses,31636.379999999997,27537.0
2017,Légumineuses,Fève,93399.70999999998,131380.3
2017,Légumineuses,Féverole,47021.0,21870.0
2017,Légumineuses,Lentille,28162.569999999996,42838.0
2017,Légumineuses,Orobe,887.0,1421.0
2017,Légumineuses,Petit pois,25363.54,37091.0
2017,Légumineuses,Pois chiche,43506.600000000006,43364.0
2017,Maraîchage,Ail,13660.0,1311.0
2017,Maraîchage,Artichaut,45457.0,2923.0
2017,Maraîchage,Asperge,286.0,54.0
2017,Maraîchage,Aubergine,52966.0,1884.5
2017,Maraîchage,Autres cultures maraichères,246348.0,14071.9
2017,Maraîchage,Betterave potager,17313.0,738.0
2017,Maraîchage,Carotte,436135.0,14080.5
2017,Maraîchage,Choux fleur,52265.0,2280.0
2017,Maraîchage,Choux pomme,51145.0,1862.0
2017,Maraîchage,Concombre,48735.0,1176.2
2017,Maraîchage,Courge courgette,179518.5,7539.0
2017,Maraîchage,Fraisier,161793.39999999967,3628.4299999999903
2017,Maraîchage,Framboise,24579.6469999999,2039.6499999999896
2017,Maraîchage,Fève verte,105760.0,10205.0
2017,Maraîchage,Haricot vert,169067.0,5742.0
2017,Maraîchage,Melon,618587.5,20163.0
2017,Maraîchage,Menthe,91658.0,3650.5
2017,Maraîchage,Myrtille,17241.53999999998,1498.379999999997
2017,Maraîchage,Mûrier,128.0,16.0
2017,Maraîchage,Navet,121171.0,5931.5
2017,Maraîchage,Niora,28880.0,1206.5
2017,Maraîchage,Oignon,754129.0,27804.9
2017,Maraîchage,Oignon vert,69204.0,1977.0
2017,Maraîchage,Pastèque,619332.0,16680.0
2017,Maraîchage,Patate douce,14239.0,810.5
2017,Maraîchage,Petit Pois vert,81249.0,19517.0
2017,Maraîchage,Piment poivron,191096.0,4436.0
2017,Maraîchage,Pomme de terre,1924871.8636363635,64293.0
2017,Maraîchage,Tomate,1293761.0,15887.95
2017,Oliviers,Olivier,1039116.8361069465,992037.5971000001
2017,Oléagineuses,Arachide,35733.0,14060.0
2017,Oléagineuses,Sésame,1000.0,838.0
2017,Oléagineuses,Tournesol,23792.32,18918.0
2017,Palmiers-Dattiers,Palmier dattier,129561.67556516147,58316.0
2017,Rosacées,Abricotier,112538.20000000001,11418.6
2017,Rosacées,Autres plantations fruitières,38796.0,6039.900000000001
2017,Rosacées,Avocatier,41695.34,3504.63
2017,Rosacées,Bananier,333619.0,8520.0
2017,Rosacées,Caroubier,58623.0,14115.8
2017,Rosacées,Cerisier,13405.7,3058.67
2017,Rosacées,Cognassier,45745.7,4066.8999999999996
2017,Rosacées,Figuier,137933.81874999998,60533.270000000004
2017,Rosacées,Grenadier,140671.1,12010.95
2017,Rosacées,Noyer,12637.1,7459.45
2017,Rosacées,Néflier,5806.7,497.1
2017,Rosacées,Pacanier,283.5,89.0
2017,Rosacées,Pistachier,103.0,51.0
2017,Rosacées,Poirier,34024.8,3057.92
2017,Rosacées,Pommier,820547.108822634,49497.868
2017,Rosacées,Prunier,179386.9088483374,15350.96
2017,Rosacées,Pêcher-nectarine,138559.75,10929.46
2017,Sucrières,Betterave à sucre,3741437.62,57793.65
2017,Sucrières,Canne à sucre,553115.0,10596.0
2017,Vignes,Raisin de cuve,91793.763,7359.155
2017,Vignes,Raisin de table,286334.3,35474.01000000001
2018,Agrumes,Autres agrumes,6290.0,1434.1299999999999
2018,Agrumes,Citron,39686.808323554564,3244.7700000000004
2018,Agrumes,Orange_Autres,27878.07744476936,4534.08
2018,Agrumes,Orange_Maroc late,491012.29999999976,25688.19
2018,Agrumes,Orange_Navel,365896.05254761846,19966.654999999984
2018,Agrumes,Orange_Navel lane late,23801.0,1690.9299999999998
2018,Agrumes,Orange_Navel late,10459.800625639382,1029.37
2018,Agrumes,Orange_Navelina,1668.0,213.0
2018,Agrumes,Orange_Salustiana,21092.99999999999,1077.03
2018,Agrumes,Orange_Washignton sanguine,77341.4999999999,3617.85
2018,Agrumes,Pamplemousse,1485.0,94.35000000000001
2018,Agrumes,Petit fruit_Autres,91070.45999999998,8590.08
2018,Agrumes,Petit fruit_Clémentine,549667.2592482888,30161.11
2018,Agrumes,Petit fruit_Fortune,897.0,77.0
2018,Agrumes,Petit fruit_Nador cott,215786.0,6997.349999999999
2018,Agrumes,Petit fruit_Nour,154214.04999999993,7695.429999999999
2018,Agrumes,Petit fruit_Nova,24116.0,1233.4099999999999
2018,Agrumes,Petit fruit_Nules,156347.4307517106,8413.089999999998
2018,Agrumes,Petit fruit_Ortanique,16690.8,934.889999999999
2018,Amandiers,Amandier,117270.03899999999,186255.32734285714
2018,Céréales,Avoine,21424.0,12275.0
2018,Céréales,Blé dur,2431979.249999999,965068.0
2018,Céréales,Blé tendre,4888640.859999999,1877680.0
2018,Céréales,Mais,118392.0,148178.0
2018,Céréales,Orge,2851022.0999999996,1564460.0
2018,Céréales,Riz,63037.1,8091.0
2018,Céréales,Sorgho,3316.9,3681.0
2018,Fourragères,Autres cultures fourragères,73285.0,7305.0
2018,Fourragères,Avoine vert,955048.0,91308.0
2018,Fourragères,Bersim,3402269.0,68592.5
2018,Fourragères,Féverole,27669.0,24830.0
2018,Fourragères,Lupin,44170.0,1800.0
2018,Fourragères,Luzerne,4819597.0,109539.0
2018,Fourragères,Mais fourrager,2202099.0,53159.0
2018,Fourragères,Mélange fourrager,104728.0,14984.0
2018,Fourragères,Orge fourrager,1802389.0,123518.8
2018,Fourragères,Pois fourrager,13016.0,4340.0
2018,Fourragères,Sorgho fourrager,9610.0,865.0
2018,Fourragères,Triticale,15276.0,5660.0
2018,Fourragères,Vesce avoine,362907.5,12895.0
2018,Industrielles,Autres Cultures Industrielles,813.03,1059.0
2018,Industrielles,Coriandre récoltée,5053.0,4410.0
2018,Industrielles,Câprier,35950.0,29345.0
2018,Industrielles,Henné,5237.0,1712.0
2018,Industrielles,Rosier,3635.1,1745.5
2018,Industrielles,Safran,6.444500000000001,1692.0
2018,Légumineuses,Autres légumineuses,26628.0,21887.0
2018,Légumineuses,Fève,148744.56146,137031.7652
2018,Légumineuses,Lentille,31738.83566,39797.14219999999
2018,Légumineuses,Orobe,2832.5,3540.0
2018,Légumineuses,Petit pois,35469.9361,41292.692200000005
2018,Légumineuses,Pois chiche,36312.15,86800.0
2018,Maraîchage,Ail,13611.0,1365.0
2018,Maraîchage,Artichaut,44591.0,3274.0
2018,Maraîchage,Asperge,0.0,12.0
2018,Maraîchage,Aubergine,52754.0,1961.5
2018,Maraîchage,Autres cultures maraichères,252856.0,13206.699999999999
2018,Maraîchage,Betterave potager,18858.0,836.0
2018,Maraîchage,Carotte,480294.0,14701.8
2018,Maraîchage,Choux fleur,59055.7,2633.0
2018,Maraîchage,Choux pomme,51054.0,1949.0
2018,Maraîchage,Concombre,47787.0,1204.5
2018,Maraîchage,Courge courgette,180462.94,6689.4
2018,Maraîchage,Fraisier,143440.0,3276.0
2018,Maraîchage,Framboise,22460.0,1942.0
2018,Maraîchage,Fève verte,142003.7,9713.0
2018,Maraîchage,Haricot vert,156016.5,6284.0
2018,Maraîchage,Melon,500823.4,16715.5
2018,Maraîchage,Menthe,98704.0,3351.5
2018,Maraîchage,Myrtille,25314.0,2183.0
2018,Maraîchage,Mûrier,542.0,48.0
2018,Maraîchage,Navet,144949.0,6720.2
2018,Maraîchage,Niora,948.0,79.0
2018,Maraîchage,Oignon,954801.0,36733.0
2018,Maraîchage,Oignon vert,101185.0,2878.0
2018,Maraîchage,Pastèque,742375.1,18941.0
2018,Maraîchage,Patate douce,18120.0,837.0
2018,Maraîchage,Petit Pois vert,123219.15,20996.0
2018,Maraîchage,Piment poivron,256522.0,5449.3
2018,Maraîchage,Pomme de terre,1869149.0,62033.0
2018,Maraîchage,Tomate,1409437.2,15955.0
2018,Oliviers,Olivier,1561465.1978919988,1039841.2236000001
2018,Oléagineuses,Arachide,32152.0,12850.0
2018,Oléagineuses,Sésame,798.0,725.0
2018,Oléagineuses,Tournesol,37602.15,21708.0
2018,Palmiers-Dattiers,Palmier dattier,111701.0,59127.0
2018,Rosacées,Abricotier,101612.4,11153.45
2018,Rosacées,Autres plantations fruitières,31851.5,5827.3
2018,Rosacées,Avocatier,51170.0,4449.13
2018,Rosacées,Bananier,319950.0,8412.0
2018,Rosacées,Caroubier,64130.0,13120.9
2018,Rosacées,Cerisier,13664.5,3024.67
2018,Rosacées,Cognassier,59443.88,4356.5
2018,Rosacées,Figuier,128380.05,61497.62
2018,Rosacées,Grenadier,113479.3,12644.15
2018,Rosacées,Noyer,12467.1,7702.0
2018,Rosacées,Néflier,5353.9,702.1
2018,Rosacées,Pacanier,261.0,76.0
2018,Rosacées,Pistachier,66.0,33.0
2018,Rosacées,Poirier,35201.5,4011.8720000000003
2018,Rosacées,Pommier,696949.5088226339,50589.29
2018,Rosacées,Prunier,205222.40740218144,15450.943999999998
2018,Rosacées,Pêcher-nectarine,157893.0,11019.2675
2018,Sucrières,Betterave à sucre,3710513.5199999996,53959.75
2018,Sucrières,Canne à sucre,616113.59,8746.0
2018,Vignes,Raisin de cuve,104501.25,7262.254999999999
2018,Vignes,Raisin de table,346656.26,35042.75
2019,Agrumes,Autres agrumes,14847.33333333333,1262.6
2019,Agrumes,Citron,44919.04,3208.09
2019,Agrumes,Orange_Autres,33481.1,4555.280000000001
2019,Agrumes,Orange_Maroc late,561325.9847006882,25862.46
2019,Agrumes,Orange_Navel,412933.98333333334,20114.234999999986
2019,Agrumes,Orange_Navel lane late,35891.18666666665,1887.1799999999998
2019,Agrumes,Orange_Navel late,14862.0,1049.37
2019,Agrumes,Orange_Navelina,2289.0,228.0
2019,Agrumes,Orange_Salustiana,27931.77,1104.15
2019,Agrumes,Orange_Washignton sanguine,93762.59333333332,3636.5699999999997
2019,Agrumes,Pamplemousse,2265.0,119.35000000000001
2019,Agrumes,Petit fruit_Autres,112874.18666666665,8434.140000000001
2019,Agrumes,Petit fruit_Clémentine,699361.6833333333,31164.710000000006
2019,Agrumes,Petit fruit_Fortune,1925.63999999999,77.0
2019,Agrumes,Petit fruit_Nador cott,121277.7,6989.049999999998
2019,Agrumes,Petit fruit_Nour,191225.7033333333,7778.83
2019,Agrumes,Petit fruit_Nova,28682.510000000002,1221.24
2019,Agrumes,Petit fruit_Nules,200321.61333333334,8413.619999999999
2019,Agrumes,Petit fruit_Ortanique,18959.79,917.18
2019,Amandiers,Amandier,102185.43999999997,190611.87727142853
2019,Céréales,Autres céréales,183.0,317.0
2019,Céréales,Avoine,8488.1,13079.0
2019,Céréales,Blé dur,1343651.267499999,818676.9199999998
2019,Céréales,Blé tendre,2681651.2524999995,1687310.46
2019,Céréales,Mais,40490.8,63292.0
2019,Céréales,Orge,1161182.8155500002,1050153.48
2019,Céréales,Riz,64598.1,7973.0
2019,Céréales,Sorgho,3412.85,4267.0
2019,Fourragères,Autres cultures fourragères,110680.0,4078.0
2019,Fourragères,Avoine vert,860383.85,87432.75
2019,Fourragères,Bersim,3201967.0,68538.5
2019,Fourragères,Féverole,44893.0,37800.0
2019,Fourragères,Lupin,63242.0,2345.0
2019,Fourragères,Luzerne,7454193.4,117862.0
2019,Fourragères,Mais fourrager,1518520.0,33761.0
2019,Fourragères,Mélange fourrager,119797.5,10205.0
2019,Fourragères,Orge fourrager,1650096.8199999998,130358.0
2019,Fourragères,Pois fourrager,38235.0,11390.0
2019,Fourragères,Sorgho fourrager,6320.0,178.0
2019,Fourragères,Triticale,10070.0,5800.0
2019,Fourragères,Vesce avoine,115643.0,9164.0
2019,Industrielles,Autres Cultures Industrielles,701.2,803.0
2019,Industrielles,Cannabis,69500.0,54852.916
2019,Industrielles,Coriandre récoltée,5219.0,4720.0
2019,Industrielles,Cornichon,460.0,60.0
2019,Industrielles,Câprier,32000.0,30030.0
2019,Industrielles,Henné,4561.0,1482.0
2019,Industrielles,Piment de Cayenne,13.0,5.0
2019,Industrielles,Rosier,1031.0,84.5
2019,Industrielles,Safran,6.203,1709.0
2019,Légumineuses,Autres légumineuses,18307.5,17698.0
2019,Légumineuses,Fève,72738.90000000002,125860.0
2019,Légumineuses,Lentille,37094.71,40207.0
2019,Légumineuses,Orobe,2700.0,3500.0
2019,Légumineuses,Petit pois,18101.100000000002,41034.0
2019,Légumineuses,Pois chiche,75413.4,81982.0
2019,Maraîchage,Ail,10318.5,1374.5
2019,Maraîchage,Artichaut,44774.0,2966.0
2019,Maraîchage,Asperge,310.0,30.0
2019,Maraîchage,Aubergine,68266.0,2408.5
2019,Maraîchage,Autres cultures maraichères,59559.0,5447.5
2019,Maraîchage,Betterave potager,21156.0,978.0
2019,Maraîchage,Carotte,412218.8,13476.0
2019,Maraîchage,Choux fleur,50762.0,2490.0
2019,Maraîchage,Choux pomme,36998.0,1254.5
2019,Maraîchage,Concombre,57448.0,1184.54
2019,Maraîchage,Courge courgette,198913.69999999998,8433.7
2019,Maraîchage,Fraisier,167827.0,3455.0
2019,Maraîchage,Framboise,24628.0,1962.8
2019,Maraîchage,Fève verte,85940.5,8913.0
2019,Maraîchage,Haricot vert,119926.6,6019.0
2019,Maraîchage,Melon,390571.0,13594.0
2019,Maraîchage,Menthe,66582.5,2712.5
2019,Maraîchage,Myrtille,28946.0,2497.0
2019,Maraîchage,Mûrier,544.0,49.0
2019,Maraîchage,Navet,158578.0,6713.5
2019,Maraîchage,Niora,50137.0,1867.45
2019,Maraîchage,Oignon,880399.0,29177.0
2019,Maraîchage,Oignon vert,71315.0,2276.65
2019,Maraîchage,Pastèque,674833.0,17430.0
2019,Maraîchage,Patate douce,9366.0,457.0
2019,Maraîchage,Petit Pois vert,107058.8,20402.0
2019,Maraîchage,Piment poivron,247609.0,5084.0
2019,Maraîchage,Pomme de terre,1956711.0,62462.5
2019,Maraîchage,Tomate,1347085.0,14861.49
2019,Oliviers,Olivier,1912237.7079114672,1044532.1395999999
2019,Oléagineuses,Arachide,39670.4,15288.0
2019,Oléagineuses,Colza,9093.449999999999,10304.0
2019,Oléagineuses,Sésame,798.0,725.0
2019,Oléagineuses,Tournesol,29455.9,22207.0
2019,Palmiers-Dattiers,Palmier dattier,101536.94999999998,59613.0
2019,Rosacées,Abricotier,109795.2,11072.95
2019,Rosacées,Autres plantations fruitières,28316.0,4300.5
2019,Rosacées,Avocatier,54576.0,5069.0
2019,Rosacées,Bananier,349924.0,8529.0
2019,Rosacées,Caroubier,63570.0,14603.56
2019,Rosacées,Cerisier,20348.7,3049.62
2019,Rosacées,Cognassier,39600.7,3531.5
2019,Rosacées,Figuier,153471.57,62968.86000000001
2019,Rosacées,Grenadier,116945.53,14120.819999999998
2019,Rosacées,Noyer,9880.2,7625.0
2019,Rosacées,Néflier,5704.4,686.0
2019,Rosacées,Pacanier,261.0,76.0
2019,Rosacées,Pistachier,67.0,32.0
2019,Rosacées,Poirier,34020.4,3877.88
2019,Rosacées,Pommier,809761.8088226338,49730.83000000001
2019,Rosacées,Prunier,151487.5,15789.973999999998
2019,Rosacées,Pêcher-nectarine,158826.8,13770.80749999999
2019,Sucrières,Betterave à sucre,3692884.0,57170.5
2019,Sucrières,Canne à sucre,518956.0,11306.0
2019,Vignes,Raisin de cuve,103887.0,7109.254999999999
2019,Vignes,Raisin de table,355613.0,35259.55
2020,Agrumes,Autres agrumes,7134.0,1171.6
2020,Agrumes,Citron,34599.91734939758,3348.819999999999
2020,Agrumes,Orange_Autres,29342.38,4604.969999999999
2020,Agrumes,Orange_Maroc late,369821.75,26203.52
2020,Agrumes,Orange_Navel,295377.76999999996,20518.885000000006
2020,Agrumes,Orange_Navel lane late,21908.6,2006.07
2020,Agrumes,Orange_Navel late,10368.18,1126.45
2020,Agrumes,Orange_Navelina,3770.0,163.0
2020,Agrumes,Orange_Salustiana,13694.6,1143.81
2020,Agrumes,Orange_Washignton sanguine,62058.659999999996,3688.8099999999986
2020,Agrumes,Pamplemousse,1719.6,106.85000000000001
2020,Agrumes,Petit fruit_Autres,81886.0,8293.859999999999
2020,Agrumes,Petit fruit_Clémentine,405565.8209090909,30598.55999999999
2020,Agrumes,Petit fruit_Fortune,560.0,122.0
2020,Agrumes,Petit fruit_Nador cott,222901.0,7756.74
2020,Agrumes,Petit fruit_Nour,87487.69999999998,7849.31
2020,Agrumes,Petit fruit_Nova,17977.54,1301.41
2020,Agrumes,Petit fruit_Nules,97717.58000000002,8441.899999999998
2020,Agrumes,Petit fruit_Ortanique,11951.470000000001,841.18
2020,Amandiers,Amandier,134435.76,209232.72999999992
2020,Céréales,Autres céréales,32.1,102.0
2020,Céréales,Avoine,5551.4,15009.0
2020,Céréales,Blé dur,791917.5,993280.0
2020,Céréales,Blé tendre,1769980.0000000007,1852010.0
2020,Céréales,Mais,29887.8,71087.0
2020,Céréales,Orge,645032.3,1495190.0
2020,Céréales,Riz,4675.0,5788.0
2020,Céréales,Sorgho,4162.0,4440.0
2020,Fourragères,Autres cultures fourragères,38123.0,1948.0
2020,Fourragères,Avoine vert,567254.6000000001,84310.0
2020,Fourragères,Bersim,3089311.1,68322.0
2020,Fourragères,Féverole,36771.3,45354.0
2020,Fourragères,Lupin,53859.0,2448.0
2020,Fourragères,Luzerne,6659398.5,121701.0
2020,Fourragères,Mais fourrager,2464716.0,59821.0
2020,Fourragères,Mélange fourrager,88402.0,13310.0
2020,Fourragères,Orge fourrager,1354133.0,139569.0
2020,Fourragères,Pois fourrager,61380.0,19030.0
2020,Fourragères,Sorgho fourrager,7242.0,270.0
2020,Fourragères,Triticale,12726.0,9058.0
2020,Fourragères,Vesce avoine,28415.0,5062.0
2020,Industrielles,Autres Cultures Industrielles,965.0,845.0
2020,Industrielles,Cannabis,13840.0,26700.0
2020,Industrielles,Coriandre récoltée,4495.0,4095.0
2020,Industrielles,Cornichon,0.0,0.0
2020,Industrielles,Câprier,25700.0,30030.0
2020,Industrielles,Henné,3608.0,1785.0
2020,Industrielles,Piment de Cayenne,0.0,0.0
2020,Industrielles,Rosier,361.2,34.5
2020,Industrielles,Safran,5.936999999999999,1740.5
2020,Légumineuses,Autres légumineuses,26931.099999999988,27183.0
2020,Légumineuses,Fève,48973.08666666668,107408.0
2020,Légumineuses,Lentille,9043.84,40560.0
2020,Légumineuses,Orobe,798.0,1022.0
2020,Légumineuses,Petit pois,14076.999999999995,42223.0
2020,Légumineuses,Pois chiche,49714.17,53598.5
2020,Maraîchage,Ail,11953.300000000001,2309.5
2020,Maraîchage,Artichaut,45012.0,2891.0
2020,Maraîchage,Asperge,20.0,904.0
2020,Maraîchage,Aubergine,60912.6,2466.0
2020,Maraîchage,Autres cultures maraichères,174477.40000000002,9703.7
2020,Maraîchage,Betterave potager,22680.800000000003,2091.8
2020,Maraîchage,Carotte,403398.6,24249.5
2020,Maraîchage,Choux fleur,57542.8,2488.9
2020,Maraîchage,Choux pomme,63598.0,2326.1
2020,Maraîchage,Concombre,46415.600000000006,1311.0
2020,Maraîchage,Courge courgette,154013.3,7196.0
2020,Maraîchage,Fraisier,166955.0,3279.0
2020,Maraîchage,Framboise,34135.0,1940.0
2020,Maraîchage,Fève verte,99273.7,12941.5
2020,Maraîchage,Haricot vert,109432.5,5813.0
2020,Maraîchage,Melon,504864.3,16830.3
2020,Maraîchage,Menthe,40402.5,2551.0
2020,Maraîchage,Myrtille,30293.0,1845.0
2020,Maraîchage,Mûrier,500.0,38.0
2020,Maraîchage,Navet,170081.9,7782.7
2020,Maraîchage,Niora,32244.5,1216.5
2020,Maraîchage,Oignon,828901.2,31862.4
2020,Maraîchage,Oignon vert,101999.0,5470.0
2020,Maraîchage,Pastèque,677345.25,16812.35
2020,Maraîchage,Patate douce,7430.0,860.0
2020,Maraîchage,Petit Pois vert,96859.5,14500.0
2020,Maraîchage,Piment poivron,143883.8,4146.0
2020,Maraîchage,Pomme de terre,1707068.2,57533.5
2020,Maraîchage,Tomate,1398831.1,14781.099999999999
2020,Oliviers,Olivier,1409266.4519999998,1068894.5196000002
2020,Oléagineuses,Arachide,36725.0,13984.0
2020,Oléagineuses,Colza,9090.000000000002,9042.5
2020,Oléagineuses,Sésame,662.8,848.8
2020,Oléagineuses,Tournesol,22397.260000000002,18512.5
2020,Palmiers-Dattiers,Palmier dattier,143159.8,61332.0
2020,Rosacées,Abricotier,93007.9,10593.9
2020,Rosacées,Autres plantations fruitières,20833.0,2929.1
2020,Rosacées,Avocatier,69940.0,6745.0
2020,Rosacées,Bananier,340958.0,8786.0
2020,Rosacées,Caroubier,55387.0,18161.6
2020,Rosacées,Cerisier,10767.199999999999,3056.1
2020,Rosacées,Cognassier,57700.0,3410.54
2020,Rosacées,Figuier,144246.05000000002,63130.53
2020,Rosacées,Grenadier,146821.5,14271.969999999998
2020,Rosacées,Noyer,11996.199999999999,6923.0
2020,Rosacées,Néflier,7804.5,650.5
2020,Rosacées,Pacanier,260.0,74.0
2020,Rosacées,Pistachier,77.0,56.0
2020,Rosacées,Poirier,33082.200000000004,3739.2
2020,Rosacées,Pommier,778866.45,51870.56
2020,Rosacées,Prunier,143456.66,16197.890000000001
2020,Rosacées,Pêcher-nectarine,159530.8,14357.960000000003
2020,Sucrières,Betterave à sucre,3631553.6,57588.8
2020,Sucrières,Canne à sucre,792492.0,11763.0
2020,Vignes,Raisin de cuve,120576.0,6312.9
2020,Vignes,Raisin de table,276326.80000000005,33091.7
